8ac8a0,127.0.0.1,GET,http://pimpmycv.dev/robots.txt,1496331323,,404
ad6f19,127.0.0.1,GET,http://pimpmycv.dev/bo/logout,1496331326,,302
2efb13,127.0.0.1,GET,http://pimpmycv.dev/,1496331326,,200
071dce,127.0.0.1,GET,http://pimpmycv.dev/robots.txt,1496331327,,404
3111a4,127.0.0.1,GET,http://pimpmycv.dev/robots.txt,1496331328,,404
d2e2bf,127.0.0.1,GET,http://pimpmycv.dev/robots.txt,1496331827,,404
8f8303,127.0.0.1,GET,http://pimpmycv.dev/robots.txt,1496331830,,404
02d794,127.0.0.1,GET,http://pimpmycv.dev/robots.txt,1496735388,,404
8acd66,127.0.0.1,GET,http://pimpmycv.dev/robots.txt,1496736305,,404
237404,127.0.0.1,GET,http://pimpmycv.dev/payment/test,1496736309,,500
541a67,127.0.0.1,GET,http://pimpmycv.dev/favicon.ico,1496736309,,404
8dc996,127.0.0.1,GET,http://pimpmycv.dev/robots.txt,1496736309,,404
200372,127.0.0.1,GET,http://pimpmycv.dev/robots.txt,1496736309,,404
60ddb0,127.0.0.1,GET,http://pimpmycv.dev/favicon.ico,1496736309,,404
bababc,127.0.0.1,GET,http://pimpmycv.dev/robots.txt,1496736493,,404
13da04,127.0.0.1,GET,http://pimpmycv.dev/robots.txt,1496736493,,404
8b0758,127.0.0.1,GET,http://pimpmycv.dev/robots.txt,1496736531,,404
217199,127.0.0.1,GET,http://pimpmycv.dev/robots.txt,1496736531,,404
6b824b,127.0.0.1,GET,http://pimpmycv.dev/robots.txt,1496736541,,404
354f98,127.0.0.1,GET,http://pimpmycv.dev/robots.txt,1496736541,,404
a86809,127.0.0.1,GET,http://pimpmycv.dev/robots.txt,1496736554,,404
4c9d0a,127.0.0.1,GET,http://pimpmycv.dev/robots.txt,1496736554,,404
64045b,127.0.0.1,GET,http://pimpmycv.dev/robots.txt,1496736572,,404
d580f1,127.0.0.1,GET,http://pimpmycv.dev/robots.txt,1496736572,,404
7ae2bc,127.0.0.1,GET,http://pimpmycv.dev/robots.txt,1496736574,,404
a9a0a8,127.0.0.1,GET,http://pimpmycv.dev/robots.txt,1496736574,,404
5ff7d8,127.0.0.1,GET,http://pimpmycv.dev/robots.txt,1496736605,,404
8fc354,127.0.0.1,GET,http://pimpmycv.dev/robots.txt,1496737749,,404
6e87a1,127.0.0.1,GET,http://pimpmycv.dev/robots.txt,1496737750,,404
565146,127.0.0.1,GET,http://pimpmycv.dev/payment/test,1496737768,,500
874b26,127.0.0.1,GET,http://pimpmycv.dev/robots.txt,1496737769,,404
ab5b81,127.0.0.1,GET,http://pimpmycv.dev/robots.txt,1496737769,,404
d21964,127.0.0.1,GET,http://pimpmycv.dev/robots.txt,1496737771,,404
8c41f8,127.0.0.1,GET,http://pimpmycv.dev/robots.txt,1496737771,,404
d5e195,127.0.0.1,GET,http://pimpmycv.dev/robots.txt,1496738069,,404
3bcf30,127.0.0.1,GET,http://pimpmycv.dev/robots.txt,1496738070,,404
106aad,127.0.0.1,GET,http://pimpmycv.dev/robots.txt,1496738153,,404
92782b,127.0.0.1,GET,http://pimpmycv.dev/robots.txt,1496738153,,404
e42858,127.0.0.1,GET,http://pimpmycv.dev/robots.txt,1496738188,,404
3775e4,127.0.0.1,GET,http://pimpmycv.dev/robots.txt,1496738188,,404
8d3ecf,127.0.0.1,GET,http://pimpmycv.dev/robots.txt,1496738443,,404
284f33,127.0.0.1,GET,http://pimpmycv.dev/robots.txt,1496738522,,404
81eda5,127.0.0.1,GET,http://pimpmycv.dev/robots.txt,1496738522,,404
ec5a8d,127.0.0.1,GET,http://pimpmycv.dev/robots.txt,1496738561,,404
e4629b,127.0.0.1,GET,http://pimpmycv.dev/robots.txt,1496738561,,404
474f4b,127.0.0.1,GET,http://pimpmycv.dev/,1496739316,,200
2e2dc2,127.0.0.1,GET,http://pimpmycv.dev/robots.txt,1496739317,,404
e93ad9,127.0.0.1,GET,http://pimpmycv.dev/robots.txt,1496739317,,404
78eea4,127.0.0.1,GET,http://pimpmycv.dev/robots.txt,1496739319,,404
7bf05e,127.0.0.1,GET,http://pimpmycv.dev/robots.txt,1496739319,,404
e7903e,127.0.0.1,GET,http://pimpmycv.dev/robots.txt,1496739330,,404
1d5252,127.0.0.1,GET,http://pimpmycv.dev/robots.txt,1496739330,,404
7546a3,127.0.0.1,GET,http://pimpmycv.dev/robots.txt,1496739332,,404
2dc6f4,127.0.0.1,GET,http://pimpmycv.dev/robots.txt,1496739332,,404
ad98ac,127.0.0.1,GET,http://pimpmycv.dev/robots.txt,1496739332,,404
6355df,127.0.0.1,GET,http://pimpmycv.dev/robots.txt,1496739332,,404
bfce17,127.0.0.1,GET,http://pimpmycv.dev/robots.txt,1496739332,,404
3f8873,127.0.0.1,GET,http://pimpmycv.dev/robots.txt,1496739332,,404
a984c7,127.0.0.1,GET,http://pimpmycv.dev/robots.txt,1496739341,,404
166de9,127.0.0.1,GET,http://pimpmycv.dev/robots.txt,1496739341,,404
97e2f1,127.0.0.1,GET,http://pimpmycv.dev/robots.txt,1496739341,,404
541a78,127.0.0.1,GET,http://pimpmycv.dev/robots.txt,1496739342,,404
77f4ac,127.0.0.1,GET,http://pimpmycv.dev/robots.txt,1496739344,,404
c928c3,127.0.0.1,GET,http://pimpmycv.dev/robots.txt,1496739344,,404
4042f1,127.0.0.1,GET,http://pimpmycv.dev/robots.txt,1496739556,,404
5d55a2,127.0.0.1,GET,http://pimpmycv.dev/payment/test,1496739557,,500
21649c,127.0.0.1,GET,http://pimpmycv.dev/robots.txt,1496739557,,404
74660c,127.0.0.1,GET,http://pimpmycv.dev/robots.txt,1496739557,,404
0a1b71,127.0.0.1,GET,http://pimpmycv.dev/robots.txt,1496739782,,404
d9fe8f,127.0.0.1,GET,http://pimpmycv.dev/robots.txt,1496739855,,404
1d9e3c,127.0.0.1,GET,http://pimpmycv.dev/robots.txt,1496739946,,404
39151d,127.0.0.1,GET,http://pimpmycv.dev/payment/test,1496739947,,500
702441,127.0.0.1,GET,http://pimpmycv.dev/robots.txt,1496739947,,404
0337f9,127.0.0.1,GET,http://pimpmycv.dev/robots.txt,1496739947,,404
4ba5c3,127.0.0.1,GET,http://pimpmycv.dev/robots.txt,1496739963,,404
781551,127.0.0.1,GET,http://pimpmycv.dev/robots.txt,1496740996,,404
03f801,127.0.0.1,GET,http://pimpmycv.dev/robots.txt,1496743638,,404
f924fe,127.0.0.1,GET,http://pimpmycv.dev/payment/test,1496743639,,500
5238eb,127.0.0.1,GET,http://pimpmycv.dev/robots.txt,1496743640,,404
c642ca,127.0.0.1,GET,http://pimpmycv.dev/robots.txt,1496743640,,404
405abe,127.0.0.1,GET,http://pimpmycv.dev/payment/test,1496743641,,500
425366,127.0.0.1,GET,http://pimpmycv.dev/robots.txt,1496743642,,404
a64780,127.0.0.1,GET,http://pimpmycv.dev/robots.txt,1496743642,,404
33eb16,127.0.0.1,GET,http://pimpmycv.dev/payment/test,1496743642,,500
19b2a0,127.0.0.1,GET,http://pimpmycv.dev/robots.txt,1496743642,,404
4f31f9,127.0.0.1,GET,http://pimpmycv.dev/robots.txt,1496743642,,404
f2a2e9,127.0.0.1,GET,http://pimpmycv.dev/payment/test,1496743642,,500
7144bd,127.0.0.1,GET,http://pimpmycv.dev/robots.txt,1496743643,,404
0c6126,127.0.0.1,GET,http://pimpmycv.dev/robots.txt,1496743643,,404
9619b3,127.0.0.1,GET,http://pimpmycv.dev/robots.txt,1496745853,,404
d1ff23,127.0.0.1,GET,http://pimpmycv.dev/payment/test,1496745854,,500
9ef4a1,127.0.0.1,GET,http://pimpmycv.dev/robots.txt,1496745854,,404
44d51d,127.0.0.1,GET,http://pimpmycv.dev/robots.txt,1496745854,,404
574122,127.0.0.1,GET,http://pimpmycv.dev/payment/test,1496745922,,500
db7622,127.0.0.1,GET,http://pimpmycv.dev/robots.txt,1496745922,,404
1369ef,127.0.0.1,GET,http://pimpmycv.dev/robots.txt,1496745922,,404
7e8e7c,127.0.0.1,GET,http://pimpmycv.dev/payment/test,1496745946,,500
c563cc,127.0.0.1,GET,http://pimpmycv.dev/robots.txt,1496745946,,404
1e1f6c,127.0.0.1,GET,http://pimpmycv.dev/robots.txt,1496745946,,404
72d1f1,127.0.0.1,GET,http://pimpmycv.dev/robots.txt,1496746026,,404
00f9af,127.0.0.1,GET,http://pimpmycv.dev/robots.txt,1496746026,,404
c84fcb,127.0.0.1,GET,http://pimpmycv.dev/payment/test,1496746035,,500
5f923a,127.0.0.1,GET,http://pimpmycv.dev/robots.txt,1496746035,,404
4402f8,127.0.0.1,GET,http://pimpmycv.dev/robots.txt,1496746035,,404
93c1be,127.0.0.1,GET,http://pimpmycv.dev/payment/test,1496746041,,500
c1a14c,127.0.0.1,GET,http://pimpmycv.dev/robots.txt,1496746041,,404
5ab625,127.0.0.1,GET,http://pimpmycv.dev/robots.txt,1496746041,,404
f8d6b3,127.0.0.1,GET,http://pimpmycv.dev/robots.txt,1496746133,,404
6a7cea,127.0.0.1,GET,http://pimpmycv.dev/robots.txt,1496746133,,404
12e7c6,127.0.0.1,GET,http://pimpmycv.dev/payment/test,1496746211,,500
1bd786,127.0.0.1,GET,http://pimpmycv.dev/robots.txt,1496746211,,404
2c692d,127.0.0.1,GET,http://pimpmycv.dev/robots.txt,1496746211,,404
e52973,127.0.0.1,GET,http://pimpmycv.dev/payment/test,1496746553,,500
cc81af,127.0.0.1,GET,http://pimpmycv.dev/robots.txt,1496746554,,404
92cf46,127.0.0.1,GET,http://pimpmycv.dev/robots.txt,1496746554,,404
66d179,127.0.0.1,GET,http://pimpmycv.dev/payment/test,1496746601,,500
030c33,127.0.0.1,GET,http://pimpmycv.dev/robots.txt,1496746601,,404
397326,127.0.0.1,GET,http://pimpmycv.dev/robots.txt,1496746601,,404
f3796d,127.0.0.1,GET,http://pimpmycv.dev/robots.txt,1496746839,,404
994761,127.0.0.1,GET,http://pimpmycv.dev/robots.txt,1496746841,,404
117aa6,127.0.0.1,GET,http://pimpmycv.dev/robots.txt,1496746841,,404
8e4f2f,127.0.0.1,GET,http://pimpmycv.dev/about,1496746844,,200
2c6a06,127.0.0.1,GET,http://pimpmycv.dev/robots.txt,1496746845,,404
5a118d,127.0.0.1,GET,http://pimpmycv.dev/robots.txt,1496746845,,404
899706,127.0.0.1,GET,http://pimpmycv.dev/payment/test,1496746862,,500
872b5d,127.0.0.1,GET,http://pimpmycv.dev/robots.txt,1496746862,,404
02e159,127.0.0.1,GET,http://pimpmycv.dev/robots.txt,1496746862,,404
2f358f,127.0.0.1,GET,http://pimpmycv.dev/payment/test,1496746891,,500
d152a9,127.0.0.1,GET,http://pimpmycv.dev/robots.txt,1496746892,,404
cbb04a,127.0.0.1,GET,http://pimpmycv.dev/robots.txt,1496746892,,404
683f83,127.0.0.1,GET,http://pimpmycv.dev/robots.txt,1496747101,,404
13882d,127.0.0.1,GET,http://pimpmycv.dev/robots.txt,1496747102,,404
f28387,127.0.0.1,GET,http://pimpmycv.dev/robots.txt,1496747102,,404
249b52,127.0.0.1,GET,http://pimpmycv.dev/payment/test,1496747122,,500
04455a,127.0.0.1,GET,http://pimpmycv.dev/robots.txt,1496747122,,404
33202d,127.0.0.1,GET,http://pimpmycv.dev/robots.txt,1496747122,,404
4aba57,127.0.0.1,GET,http://pimpmycv.dev/robots.txt,1496747324,,404
85f2be,127.0.0.1,GET,http://pimpmycv.dev/robots.txt,1496747324,,404
431027,127.0.0.1,GET,http://pimpmycv.dev/robots.txt,1496747452,,404
3a135c,127.0.0.1,GET,http://pimpmycv.dev/robots.txt,1496747453,,404
157f8d,127.0.0.1,GET,http://pimpmycv.dev/robots.txt,1496747453,,404
9b5131,127.0.0.1,GET,http://pimpmycv.dev/robots.txt,1496747455,,404
67f69f,127.0.0.1,GET,http://pimpmycv.dev/robots.txt,1496747455,,404
7b0db3,127.0.0.1,GET,http://pimpmycv.dev/robots.txt,1496747455,,404
b92688,127.0.0.1,GET,http://pimpmycv.dev/robots.txt,1496747455,,404
5c4097,127.0.0.1,GET,http://pimpmycv.dev/robots.txt,1496747458,,404
9fe113,127.0.0.1,GET,http://pimpmycv.dev/robots.txt,1496747530,,404
f469b9,127.0.0.1,GET,http://pimpmycv.dev/robots.txt,1496747531,,404
68441d,127.0.0.1,GET,http://pimpmycv.dev/robots.txt,1496747531,,404
f0b942,127.0.0.1,GET,http://pimpmycv.dev/robots.txt,1496747531,,404
108c15,127.0.0.1,GET,http://pimpmycv.dev/robots.txt,1496747531,,404
6f3c51,127.0.0.1,GET,http://pimpmycv.dev/payment/test,1496747540,,500
09b6ef,127.0.0.1,GET,http://pimpmycv.dev/robots.txt,1496747540,,404
a087df,127.0.0.1,GET,http://pimpmycv.dev/robots.txt,1496747540,,404
b57f1b,127.0.0.1,GET,http://pimpmycv.dev/payment/test,1496747560,,500
4642e2,127.0.0.1,GET,http://pimpmycv.dev/robots.txt,1496747561,,404
225dbd,127.0.0.1,GET,http://pimpmycv.dev/robots.txt,1496747561,,404
ed088a,127.0.0.1,GET,http://pimpmycv.dev/payment/test,1496747820,,500
22a110,127.0.0.1,GET,http://pimpmycv.dev/robots.txt,1496747820,,404
1bb7e8,127.0.0.1,GET,http://pimpmycv.dev/robots.txt,1496747820,,404
e45c45,127.0.0.1,GET,http://pimpmycv.dev/robots.txt,1496747868,,404
ff2e62,127.0.0.1,GET,http://pimpmycv.dev/payment/test,1496747869,,500
c82166,127.0.0.1,GET,http://pimpmycv.dev/robots.txt,1496747869,,404
fedd35,127.0.0.1,GET,http://pimpmycv.dev/robots.txt,1496747869,,404
7c1680,127.0.0.1,GET,http://pimpmycv.dev/robots.txt,1496747896,,404
adad70,127.0.0.1,GET,http://pimpmycv.dev/robots.txt,1496747896,,404
4198a1,127.0.0.1,GET,http://pimpmycv.dev/payment/test,1496747896,,500
efccff,127.0.0.1,GET,http://pimpmycv.dev/robots.txt,1496747896,,404
348c73,127.0.0.1,GET,http://pimpmycv.dev/robots.txt,1496747897,,404
767c68,127.0.0.1,GET,http://pimpmycv.dev/robots.txt,1496747897,,404
320872,127.0.0.1,GET,http://pimpmycv.dev/payment/test,1496747898,,500
dc2cb4,127.0.0.1,GET,http://pimpmycv.dev/robots.txt,1496747898,,404
83f234,127.0.0.1,GET,http://pimpmycv.dev/payment/test,1496747898,,500
1dfde9,127.0.0.1,GET,http://pimpmycv.dev/robots.txt,1496747898,,404
70b8f3,127.0.0.1,GET,http://pimpmycv.dev/payment/test,1496747898,,500
35f48f,127.0.0.1,GET,http://pimpmycv.dev/robots.txt,1496747899,,404
8b4fdf,127.0.0.1,GET,http://pimpmycv.dev/robots.txt,1496747899,,404
9b646f,127.0.0.1,GET,http://pimpmycv.dev/robots.txt,1496747899,,404
604ff0,127.0.0.1,GET,http://pimpmycv.dev/robots.txt,1496747899,,404
ab2eb6,127.0.0.1,GET,http://pimpmycv.dev/payment/test,1496747907,,500
6c8a65,127.0.0.1,GET,http://pimpmycv.dev/robots.txt,1496747907,,404
fa7ab2,127.0.0.1,GET,http://pimpmycv.dev/robots.txt,1496747907,,404
7cc0d6,127.0.0.1,GET,http://pimpmycv.dev/payment/test,1496747923,,500
fee1c7,127.0.0.1,GET,http://pimpmycv.dev/robots.txt,1496747923,,404
c1e479,127.0.0.1,GET,http://pimpmycv.dev/robots.txt,1496747923,,404
c22245,127.0.0.1,GET,http://pimpmycv.dev/payment/test,1496748040,,500
1aec2e,127.0.0.1,GET,http://pimpmycv.dev/robots.txt,1496748041,,404
516ece,127.0.0.1,GET,http://pimpmycv.dev/robots.txt,1496748041,,404
f33fc5,127.0.0.1,GET,http://pimpmycv.dev/robots.txt,1496748279,,404
10926b,127.0.0.1,GET,http://pimpmycv.dev/robots.txt,1496748279,,404
61acb8,127.0.0.1,GET,http://pimpmycv.dev/robots.txt,1496748291,,404
f8dd36,127.0.0.1,GET,http://pimpmycv.dev/connexion,1496748295,,200
526c0e,127.0.0.1,GET,http://pimpmycv.dev/robots.txt,1496748295,,404
dea704,127.0.0.1,GET,http://pimpmycv.dev/robots.txt,1496748295,,404
797fa4,127.0.0.1,GET,http://pimpmycv.dev/password,1496748298,,200
587f26,127.0.0.1,GET,http://pimpmycv.dev/robots.txt,1496748298,,404
927eb0,127.0.0.1,GET,http://pimpmycv.dev/robots.txt,1496748298,,404
d0edcb,127.0.0.1,GET,http://pimpmycv.dev/robots.txt,1496748483,,404
0ecec6,127.0.0.1,GET,http://pimpmycv.dev/robots.txt,1496748559,,404
93976f,127.0.0.1,GET,http://pimpmycv.dev/robots.txt,1496748559,,404
bb501a,127.0.0.1,POST,http://pimpmycv.dev/password,1496748562,,500
07ba6c,127.0.0.1,GET,http://pimpmycv.dev/robots.txt,1496748562,,404
568cb2,127.0.0.1,GET,http://pimpmycv.dev/robots.txt,1496748562,,404
a7fff7,127.0.0.1,GET,http://pimpmycv.dev/robots.txt,1496748569,,404
0e8b02,127.0.0.1,POST,http://pimpmycv.dev/password,1496748577,,500
1b3881,127.0.0.1,GET,http://pimpmycv.dev/robots.txt,1496748577,,404
6e5cea,127.0.0.1,GET,http://pimpmycv.dev/robots.txt,1496748577,,404
683e7f,127.0.0.1,GET,http://pimpmycv.dev/robots.txt,1496748596,,404
baab60,127.0.0.1,GET,http://pimpmycv.dev/robots.txt,1496748597,,404
a2f75c,127.0.0.1,POST,http://pimpmycv.dev/password,1496748602,,500
6631d4,127.0.0.1,GET,http://pimpmycv.dev/robots.txt,1496748602,,404
02eed3,127.0.0.1,GET,http://pimpmycv.dev/robots.txt,1496748602,,404
1d3a94,127.0.0.1,GET,http://pimpmycv.dev/robots.txt,1496748608,,404
38d4cc,127.0.0.1,POST,http://pimpmycv.dev/password,1496748632,,500
b95acb,127.0.0.1,GET,http://pimpmycv.dev/robots.txt,1496748632,,404
16bc32,127.0.0.1,GET,http://pimpmycv.dev/robots.txt,1496748632,,404
b17472,127.0.0.1,GET,http://pimpmycv.dev/robots.txt,1496748646,,404
184b48,127.0.0.1,GET,http://pimpmycv.dev/robots.txt,1496748646,,404
6fceba,127.0.0.1,GET,http://pimpmycv.dev/robots.txt,1496749350,,404
f721e4,127.0.0.1,GET,http://pimpmycv.dev/robots.txt,1496749352,,404
833c0e,127.0.0.1,GET,http://pimpmycv.dev/robots.txt,1496749353,,404
5e2a37,127.0.0.1,GET,http://pimpmycv.dev/robots.txt,1496749353,,404
f7e1e3,127.0.0.1,GET,http://pimpmycv.dev/payment/test,1496749356,,500
2d2097,127.0.0.1,GET,http://pimpmycv.dev/robots.txt,1496749356,,404
80c60a,127.0.0.1,GET,http://pimpmycv.dev/robots.txt,1496749356,,404
33f303,127.0.0.1,GET,http://pimpmycv.dev/robots.txt,1496749378,,404
073603,127.0.0.1,GET,http://pimpmycv.dev/robots.txt,1496749472,,404
a7339f,127.0.0.1,GET,http://pimpmycv.dev/robots.txt,1496749472,,404
a29da1,127.0.0.1,GET,http://pimpmycv.dev/robots.txt,1496749473,,404
6acb7f,127.0.0.1,GET,http://pimpmycv.dev/robots.txt,1496749473,,404
e38981,127.0.0.1,GET,http://pimpmycv.dev/robots.txt,1496749960,,404
04f51d,127.0.0.1,GET,http://pimpmycv.dev/robots.txt,1496749965,,404
9dd408,127.0.0.1,GET,http://pimpmycv.dev/robots.txt,1496750476,,404
0ebd6c,127.0.0.1,GET,http://pimpmycv.dev/payment/test,1496750476,,500
43be28,127.0.0.1,GET,http://pimpmycv.dev/robots.txt,1496750477,,404
e8d70c,127.0.0.1,GET,http://pimpmycv.dev/robots.txt,1496750477,,404
5412a3,127.0.0.1,GET,http://pimpmycv.dev/payment/test,1496750480,,500
1df6a3,127.0.0.1,GET,http://pimpmycv.dev/robots.txt,1496750481,,404
893539,127.0.0.1,GET,http://pimpmycv.dev/robots.txt,1496750481,,404
c40f4a,127.0.0.1,GET,http://pimpmycv.dev/payment/test,1496750507,,500
7ced41,127.0.0.1,GET,http://pimpmycv.dev/robots.txt,1496750508,,404
e6fead,127.0.0.1,GET,http://pimpmycv.dev/robots.txt,1496750508,,404
ee73ec,127.0.0.1,GET,http://pimpmycv.dev/robots.txt,1496750521,,404
6cd6ba,127.0.0.1,GET,http://pimpmycv.dev/robots.txt,1496750546,,404
e83ed5,127.0.0.1,GET,http://pimpmycv.dev/robots.txt,1496750550,,404
1de7f2,127.0.0.1,GET,http://pimpmycv.dev/robots.txt,1496750550,,404
c8ac94,127.0.0.1,GET,http://pimpmycv.dev/robots.txt,1496750642,,404
23bba1,127.0.0.1,GET,http://pimpmycv.dev/robots.txt,1496750644,,404
de2a5f,127.0.0.1,GET,http://pimpmycv.dev/payment/test,1496750645,,500
3508c1,127.0.0.1,GET,http://pimpmycv.dev/robots.txt,1496750645,,404
bd9cce,127.0.0.1,GET,http://pimpmycv.dev/robots.txt,1496750645,,404
c95001,127.0.0.1,GET,http://pimpmycv.dev/robots.txt,1496750667,,404
689039,127.0.0.1,GET,http://pimpmycv.dev/robots.txt,1496750667,,404
7294d7,127.0.0.1,GET,http://pimpmycv.dev/robots.txt,1496750667,,404
092c8c,127.0.0.1,GET,http://pimpmycv.dev/robots.txt,1496750667,,404
d2d561,127.0.0.1,GET,http://pimpmycv.dev/robots.txt,1496750668,,404
9ba33d,127.0.0.1,GET,http://pimpmycv.dev/robots.txt,1496750668,,404
b49068,127.0.0.1,GET,http://pimpmycv.dev/robots.txt,1496750671,,404
be7eb9,127.0.0.1,GET,http://pimpmycv.dev/robots.txt,1496750671,,404
776a85,127.0.0.1,GET,http://pimpmycv.dev/robots.txt,1496750719,,404
8fc48d,127.0.0.1,GET,http://pimpmycv.dev/robots.txt,1496750719,,404
5cde5c,127.0.0.1,GET,http://pimpmycv.dev/robots.txt,1496750722,,404
681647,127.0.0.1,GET,http://pimpmycv.dev/robots.txt,1496750722,,404
940661,127.0.0.1,GET,http://pimpmycv.dev/robots.txt,1496751252,,404
bf2575,127.0.0.1,GET,http://pimpmycv.dev/payment/test,1496751869,,500
6131de,127.0.0.1,GET,http://pimpmycv.dev/robots.txt,1496751869,,404
e8bff8,127.0.0.1,GET,http://pimpmycv.dev/robots.txt,1496751869,,404
98761c,127.0.0.1,GET,http://pimpmycv.dev/payment/test,1496751877,,500
b27e8c,127.0.0.1,GET,http://pimpmycv.dev/robots.txt,1496751878,,404
82863f,127.0.0.1,GET,http://pimpmycv.dev/robots.txt,1496751878,,404
32e4ca,127.0.0.1,GET,http://pimpmycv.dev/payment/test,1496751925,,500
40716a,127.0.0.1,GET,http://pimpmycv.dev/robots.txt,1496751925,,404
e7be93,127.0.0.1,GET,http://pimpmycv.dev/robots.txt,1496751925,,404
304612,127.0.0.1,GET,http://pimpmycv.dev/payment/test,1496752016,,500
e28b84,127.0.0.1,GET,http://pimpmycv.dev/robots.txt,1496752016,,404
70772f,127.0.0.1,GET,http://pimpmycv.dev/robots.txt,1496752016,,404
45cc5d,127.0.0.1,GET,http://pimpmycv.dev/payment/test,1496752030,,500
e83dc5,127.0.0.1,GET,http://pimpmycv.dev/robots.txt,1496752031,,404
6a9f93,127.0.0.1,GET,http://pimpmycv.dev/robots.txt,1496752031,,404
a648d9,127.0.0.1,GET,http://pimpmycv.dev/payment/test,1496752040,,500
5bf631,127.0.0.1,GET,http://pimpmycv.dev/robots.txt,1496752040,,404
03eefb,127.0.0.1,GET,http://pimpmycv.dev/robots.txt,1496752040,,404
868c50,127.0.0.1,GET,http://pimpmycv.dev/robots.txt,1496752135,,404
53d0b8,127.0.0.1,GET,http://pimpmycv.dev/robots.txt,1496752135,,404
e9e53f,127.0.0.1,GET,http://pimpmycv.dev/robots.txt,1496752137,,404
1c1781,127.0.0.1,GET,http://pimpmycv.dev/robots.txt,1496752137,,404
898425,127.0.0.1,GET,http://pimpmycv.dev/robots.txt,1496752142,,404
d2c1aa,127.0.0.1,GET,http://pimpmycv.dev/robots.txt,1496752142,,404
08d892,127.0.0.1,GET,http://pimpmycv.dev/robots.txt,1496752142,,404
a85efd,127.0.0.1,GET,http://pimpmycv.dev/robots.txt,1496752142,,404
d48052,127.0.0.1,GET,http://pimpmycv.dev/robots.txt,1496752163,,404
804c5e,127.0.0.1,GET,http://pimpmycv.dev/robots.txt,1496752163,,404
589f51,127.0.0.1,GET,http://pimpmycv.dev/robots.txt,1496752163,,404
4a3688,127.0.0.1,GET,http://pimpmycv.dev/robots.txt,1496752163,,404
f2cf3a,127.0.0.1,GET,http://pimpmycv.dev/payment/test,1496752272,,500
a0ed2c,127.0.0.1,GET,http://pimpmycv.dev/robots.txt,1496752273,,404
1ff461,127.0.0.1,GET,http://pimpmycv.dev/robots.txt,1496752273,,404
b23213,127.0.0.1,GET,http://pimpmycv.dev/robots.txt,1496752363,,404
29544f,127.0.0.1,GET,http://pimpmycv.dev/robots.txt,1496752364,,404
1f7ea3,127.0.0.1,GET,http://pimpmycv.dev/robots.txt,1496752367,,404
0533c8,127.0.0.1,GET,http://pimpmycv.dev/robots.txt,1496752369,,404
1f5b4c,127.0.0.1,GET,http://pimpmycv.dev/robots.txt,1496752521,,404
a3b3d2,127.0.0.1,GET,http://pimpmycv.dev/payment/test,1496752522,,500
ad7e76,127.0.0.1,GET,http://pimpmycv.dev/robots.txt,1496752523,,404
cb806e,127.0.0.1,GET,http://pimpmycv.dev/robots.txt,1496752523,,404
58059d,127.0.0.1,GET,http://pimpmycv.dev/payment/test,1496752544,,500
f24073,127.0.0.1,GET,http://pimpmycv.dev/robots.txt,1496752545,,404
63c7e4,127.0.0.1,GET,http://pimpmycv.dev/robots.txt,1496752545,,404
fb7fef,127.0.0.1,GET,http://pimpmycv.dev/payment/test,1496752562,,500
e8c89b,127.0.0.1,GET,http://pimpmycv.dev/robots.txt,1496752562,,404
b8a2b5,127.0.0.1,GET,http://pimpmycv.dev/robots.txt,1496752562,,404
fc0e30,127.0.0.1,GET,http://pimpmycv.dev/robots.txt,1496752724,,404
db8e71,127.0.0.1,GET,http://pimpmycv.dev/payment/test,1496752725,,500
aae229,127.0.0.1,GET,http://pimpmycv.dev/robots.txt,1496752725,,404
eff422,127.0.0.1,GET,http://pimpmycv.dev/robots.txt,1496752725,,404
33ce7c,127.0.0.1,GET,http://pimpmycv.dev/robots.txt,1496752758,,404
6b6b00,127.0.0.1,GET,http://pimpmycv.dev/robots.txt,1496752758,,404
0f3a41,127.0.0.1,GET,http://pimpmycv.dev/robots.txt,1496753033,,404
654e81,127.0.0.1,GET,http://pimpmycv.dev/robots.txt,1496753035,,404
113c00,127.0.0.1,GET,http://pimpmycv.dev/payment/test,1496753075,,500
a1939b,127.0.0.1,GET,http://pimpmycv.dev/robots.txt,1496753075,,404
9836f0,127.0.0.1,GET,http://pimpmycv.dev/robots.txt,1496753075,,404
d6af11,127.0.0.1,GET,http://pimpmycv.dev/payment/test,1496753207,,500
ce8b65,127.0.0.1,GET,http://pimpmycv.dev/robots.txt,1496753207,,404
e83091,127.0.0.1,GET,http://pimpmycv.dev/robots.txt,1496753207,,404
54b613,127.0.0.1,GET,http://pimpmycv.dev/payment/test,1496753333,,500
621407,127.0.0.1,GET,http://pimpmycv.dev/robots.txt,1496753333,,404
498a2f,127.0.0.1,GET,http://pimpmycv.dev/robots.txt,1496753333,,404
e0cdc9,127.0.0.1,GET,http://pimpmycv.dev/payment/test,1496753364,,500
420982,127.0.0.1,GET,http://pimpmycv.dev/robots.txt,1496753364,,404
d08fbc,127.0.0.1,GET,http://pimpmycv.dev/robots.txt,1496753364,,404
558621,127.0.0.1,GET,http://pimpmycv.dev/payment/test,1496753438,,500
3526d3,127.0.0.1,GET,http://pimpmycv.dev/robots.txt,1496753438,,404
8efd08,127.0.0.1,GET,http://pimpmycv.dev/robots.txt,1496753438,,404
4452db,127.0.0.1,GET,http://pimpmycv.dev/payment/test,1496753468,,500
0f1b7f,127.0.0.1,GET,http://pimpmycv.dev/robots.txt,1496753468,,404
868222,127.0.0.1,GET,http://pimpmycv.dev/robots.txt,1496753468,,404
3f3bb1,127.0.0.1,GET,http://pimpmycv.dev/payment/test,1496753477,,500
1112c8,127.0.0.1,GET,http://pimpmycv.dev/robots.txt,1496753478,,404
164abf,127.0.0.1,GET,http://pimpmycv.dev/robots.txt,1496753478,,404
18c286,127.0.0.1,GET,http://pimpmycv.dev/payment/test,1496753510,,500
4ee0e7,127.0.0.1,GET,http://pimpmycv.dev/robots.txt,1496753510,,404
8ba2ff,127.0.0.1,GET,http://pimpmycv.dev/robots.txt,1496753510,,404
b28874,127.0.0.1,GET,http://pimpmycv.dev/payment/test,1496753511,,500
645e27,127.0.0.1,GET,http://pimpmycv.dev/robots.txt,1496753511,,404
8c4a99,127.0.0.1,GET,http://pimpmycv.dev/robots.txt,1496753511,,404
48e956,127.0.0.1,GET,http://pimpmycv.dev/payment/test,1496753511,,500
639600,127.0.0.1,GET,http://pimpmycv.dev/robots.txt,1496753511,,404
a9f18f,127.0.0.1,GET,http://pimpmycv.dev/robots.txt,1496753511,,404
bb8cd1,127.0.0.1,GET,http://pimpmycv.dev/payment/test,1496753526,,500
da2d69,127.0.0.1,GET,http://pimpmycv.dev/robots.txt,1496753527,,404
f76358,127.0.0.1,GET,http://pimpmycv.dev/robots.txt,1496753527,,404
307136,127.0.0.1,GET,http://pimpmycv.dev/robots.txt,1496753638,,404
9d6fb9,127.0.0.1,GET,http://pimpmycv.dev/robots.txt,1496753885,,404
a21248,127.0.0.1,GET,http://pimpmycv.dev/payment/test,1496753887,,500
a78501,127.0.0.1,GET,http://pimpmycv.dev/robots.txt,1496753887,,404
6d5165,127.0.0.1,GET,http://pimpmycv.dev/robots.txt,1496753887,,404
5f9d38,127.0.0.1,GET,http://pimpmycv.dev/payment/test,1496753907,,500
d25984,127.0.0.1,GET,http://pimpmycv.dev/robots.txt,1496753908,,404
8d2b32,127.0.0.1,GET,http://pimpmycv.dev/robots.txt,1496753908,,404
6245b4,127.0.0.1,GET,http://pimpmycv.dev/payment/test,1496754036,,500
da495e,127.0.0.1,GET,http://pimpmycv.dev/robots.txt,1496754036,,404
edb977,127.0.0.1,GET,http://pimpmycv.dev/robots.txt,1496754036,,404
a8f01a,127.0.0.1,GET,http://pimpmycv.dev/robots.txt,1496755184,,404
38c258,127.0.0.1,GET,http://pimpmycv.dev/payment/test,1496755185,,500
73e5bb,127.0.0.1,GET,http://pimpmycv.dev/robots.txt,1496755185,,404
5f22ce,127.0.0.1,GET,http://pimpmycv.dev/robots.txt,1496755185,,404
8621bd,127.0.0.1,GET,http://pimpmycv.dev/robots.txt,1496755383,,404
ae5ac5,127.0.0.1,GET,http://pimpmycv.dev/robots.txt,1496755400,,404
e07e9f,127.0.0.1,GET,http://pimpmycv.dev/robots.txt,1496755559,,404
9e8734,127.0.0.1,GET,http://pimpmycv.dev/payment/test,1496755560,,500
fa3f4f,127.0.0.1,GET,http://pimpmycv.dev/robots.txt,1496755560,,404
684c95,127.0.0.1,GET,http://pimpmycv.dev/robots.txt,1496755560,,404
04da95,127.0.0.1,GET,http://pimpmycv.dev/payment/test,1496755611,,500
3e94bf,127.0.0.1,GET,http://pimpmycv.dev/robots.txt,1496755611,,404
66eb41,127.0.0.1,GET,http://pimpmycv.dev/robots.txt,1496755611,,404
c05aa8,127.0.0.1,GET,http://pimpmycv.dev/payment/test,1496755657,,500
b1aeaa,127.0.0.1,GET,http://pimpmycv.dev/robots.txt,1496755658,,404
494dab,127.0.0.1,GET,http://pimpmycv.dev/robots.txt,1496755658,,404
c2fd61,127.0.0.1,GET,http://pimpmycv.dev/payment/test,1496755688,,500
26c46b,127.0.0.1,GET,http://pimpmycv.dev/robots.txt,1496755689,,404
d82f8f,127.0.0.1,GET,http://pimpmycv.dev/robots.txt,1496755689,,404
b642c6,127.0.0.1,GET,http://pimpmycv.dev/payment/test,1496755731,,500
561261,127.0.0.1,GET,http://pimpmycv.dev/robots.txt,1496755732,,404
9613c8,127.0.0.1,GET,http://pimpmycv.dev/robots.txt,1496755732,,404
4225c1,127.0.0.1,GET,http://pimpmycv.dev/payment/test,1496755775,,500
431795,127.0.0.1,GET,http://pimpmycv.dev/robots.txt,1496755775,,404
4dd4d6,127.0.0.1,GET,http://pimpmycv.dev/robots.txt,1496755775,,404
00eb0e,127.0.0.1,GET,http://pimpmycv.dev/robots.txt,1496755857,,404
6179e3,127.0.0.1,GET,http://pimpmycv.dev/robots.txt,1496755912,,404
5bdd67,127.0.0.1,GET,http://pimpmycv.dev/robots.txt,1496755912,,404
56bc93,127.0.0.1,GET,http://pimpmycv.dev/payment/test,1496755912,,500
1fb41f,127.0.0.1,GET,http://pimpmycv.dev/robots.txt,1496755913,,404
314074,127.0.0.1,GET,http://pimpmycv.dev/robots.txt,1496755913,,404
39ca0b,127.0.0.1,GET,http://pimpmycv.dev/robots.txt,1496755952,,404
8e43c5,127.0.0.1,GET,http://pimpmycv.dev/robots.txt,1496755952,,404
42191b,127.0.0.1,GET,http://pimpmycv.dev/robots.txt,1496755998,,404
d989dc,127.0.0.1,GET,http://pimpmycv.dev/robots.txt,1496755998,,404
55a679,127.0.0.1,GET,http://pimpmycv.dev/robots.txt,1496756254,,404
ceb8df,127.0.0.1,GET,http://pimpmycv.dev/robots.txt,1496756254,,404
d16b27,127.0.0.1,GET,http://pimpmycv.dev/robots.txt,1496756275,,404
4e2fd2,127.0.0.1,GET,http://pimpmycv.dev/robots.txt,1496756275,,404
1c7268,127.0.0.1,GET,http://pimpmycv.dev/robots.txt,1496756519,,404
4eb659,127.0.0.1,GET,http://pimpmycv.dev/robots.txt,1496756635,,404
e1ee64,127.0.0.1,GET,http://pimpmycv.dev/robots.txt,1496756635,,404
0cc44c,127.0.0.1,GET,http://pimpmycv.dev/payment/test,1496756647,,500
294a0e,127.0.0.1,GET,http://pimpmycv.dev/robots.txt,1496756647,,404
9fe494,127.0.0.1,GET,http://pimpmycv.dev/robots.txt,1496756647,,404
943e87,127.0.0.1,GET,http://pimpmycv.dev/payment/test,1496756717,,500
8b1f6d,127.0.0.1,GET,http://pimpmycv.dev/robots.txt,1496756718,,404
a4dab1,127.0.0.1,GET,http://pimpmycv.dev/robots.txt,1496756718,,404
3d1110,127.0.0.1,GET,http://pimpmycv.dev/robots.txt,1496756740,,404
f6bca4,127.0.0.1,GET,http://pimpmycv.dev/robots.txt,1496756740,,404
608358,127.0.0.1,GET,http://pimpmycv.dev/robots.txt,1496756851,,404
83fb3d,127.0.0.1,GET,http://pimpmycv.dev/robots.txt,1496756851,,404
c3f52c,127.0.0.1,GET,http://pimpmycv.dev/robots.txt,1496756853,,404
87ca67,127.0.0.1,GET,http://pimpmycv.dev/robots.txt,1496756853,,404
4f975a,127.0.0.1,GET,http://pimpmycv.dev/robots.txt,1496757099,,404
11c22c,127.0.0.1,GET,http://pimpmycv.dev/robots.txt,1496757102,,404
d08ae9,127.0.0.1,GET,http://pimpmycv.dev/robots.txt,1496757102,,404
a1e231,127.0.0.1,GET,http://pimpmycv.dev/robots.txt,1496757102,,404
9e5398,127.0.0.1,GET,http://pimpmycv.dev/robots.txt,1496757109,,404
730dd2,127.0.0.1,GET,http://pimpmycv.dev/robots.txt,1496757169,,404
38da19,127.0.0.1,GET,http://pimpmycv.dev/robots.txt,1496757170,,404
b3e846,127.0.0.1,GET,http://pimpmycv.dev/robots.txt,1496757170,,404
16ff4f,127.0.0.1,GET,http://pimpmycv.dev/robots.txt,1496757219,,404
50717b,127.0.0.1,GET,http://pimpmycv.dev/robots.txt,1496757219,,404
53909f,127.0.0.1,GET,http://pimpmycv.dev/payment/test,1496757247,,500
a77aa2,127.0.0.1,GET,http://pimpmycv.dev/robots.txt,1496757247,,404
cc4e6d,127.0.0.1,GET,http://pimpmycv.dev/robots.txt,1496757247,,404
821889,127.0.0.1,GET,http://pimpmycv.dev/payment/test,1496757247,,500
8f3f37,127.0.0.1,GET,http://pimpmycv.dev/robots.txt,1496757247,,404
575d8b,127.0.0.1,GET,http://pimpmycv.dev/robots.txt,1496757247,,404
37404d,127.0.0.1,GET,http://pimpmycv.dev/payment/test,1496757248,,500
8a7be3,127.0.0.1,GET,http://pimpmycv.dev/robots.txt,1496757248,,404
bb5f55,127.0.0.1,GET,http://pimpmycv.dev/robots.txt,1496757248,,404
468e2a,127.0.0.1,GET,http://pimpmycv.dev/payment/test,1496757347,,500
c1d2bc,127.0.0.1,GET,http://pimpmycv.dev/robots.txt,1496757347,,404
92522a,127.0.0.1,GET,http://pimpmycv.dev/robots.txt,1496757347,,404
f459e0,127.0.0.1,GET,http://pimpmycv.dev/payment/test,1496757349,,500
fbe327,127.0.0.1,GET,http://pimpmycv.dev/robots.txt,1496757349,,404
38dfe4,127.0.0.1,GET,http://pimpmycv.dev/robots.txt,1496757349,,404
a2af36,127.0.0.1,GET,http://pimpmycv.dev/payment/test,1496757349,,500
fc7a7b,127.0.0.1,GET,http://pimpmycv.dev/robots.txt,1496757349,,404
b7a42f,127.0.0.1,GET,http://pimpmycv.dev/robots.txt,1496757349,,404
ee96b5,127.0.0.1,GET,http://pimpmycv.dev/payment/test,1496757359,,500
58632f,127.0.0.1,GET,http://pimpmycv.dev/robots.txt,1496757359,,404
6fc64a,127.0.0.1,GET,http://pimpmycv.dev/robots.txt,1496757359,,404
502b3a,127.0.0.1,GET,http://pimpmycv.dev/robots.txt,1496757388,,404
7661d0,127.0.0.1,GET,http://pimpmycv.dev/robots.txt,1496757388,,404
9687f1,127.0.0.1,GET,http://pimpmycv.dev/robots.txt,1496757403,,404
1ee426,127.0.0.1,GET,http://pimpmycv.dev/robots.txt,1496757403,,404
6ac23a,127.0.0.1,GET,http://pimpmycv.dev/robots.txt,1496757405,,404
67a5de,127.0.0.1,GET,http://pimpmycv.dev/robots.txt,1496757405,,404
684638,127.0.0.1,GET,http://pimpmycv.dev/robots.txt,1496757406,,404
617311,127.0.0.1,GET,http://pimpmycv.dev/robots.txt,1496757406,,404
43a606,127.0.0.1,GET,http://pimpmycv.dev/robots.txt,1496757406,,404
580719,127.0.0.1,GET,http://pimpmycv.dev/robots.txt,1496757406,,404
52bfd2,127.0.0.1,GET,http://pimpmycv.dev/robots.txt,1496757476,,404
fcbcb5,127.0.0.1,GET,http://pimpmycv.dev/robots.txt,1496757476,,404
864c2e,127.0.0.1,GET,http://pimpmycv.dev/robots.txt,1496757488,,404
4b1149,127.0.0.1,GET,http://pimpmycv.dev/robots.txt,1496757488,,404
e50f7f,127.0.0.1,GET,http://pimpmycv.dev/payment/test,1496757542,,302
320493,127.0.0.1,GET,http://pimpmycv.dev/payment/capture?payum_token=5Xqit9MyT6WFvsPR4Rsnz5p2mSpL9YIfgRLdg_IbYvQ,1496757542,,500
9f387a,127.0.0.1,GET,http://pimpmycv.dev/robots.txt,1496757543,,404
371750,127.0.0.1,GET,http://pimpmycv.dev/robots.txt,1496757543,,404
236e62,127.0.0.1,GET,http://pimpmycv.dev/payment/capture?payum_token=5Xqit9MyT6WFvsPR4Rsnz5p2mSpL9YIfgRLdg_IbYvQ,1496757605,,500
d7a901,127.0.0.1,GET,http://pimpmycv.dev/robots.txt,1496757605,,404
a9a2ce,127.0.0.1,GET,http://pimpmycv.dev/robots.txt,1496757605,,404
f442bb,127.0.0.1,GET,http://pimpmycv.dev/robots.txt,1496757628,,404
4ec283,127.0.0.1,GET,http://pimpmycv.dev/robots.txt,1496757628,,404
a7ac09,127.0.0.1,GET,http://pimpmycv.dev/payment/capture?payum_token=5Xqit9MyT6WFvsPR4Rsnz5p2mSpL9YIfgRLdg_IbYvQ,1496757647,,500
f6e0a6,127.0.0.1,GET,http://pimpmycv.dev/robots.txt,1496757648,,404
c34265,127.0.0.1,GET,http://pimpmycv.dev/robots.txt,1496757648,,404
2e6476,127.0.0.1,GET,http://pimpmycv.dev/robots.txt,1496757688,,404
42f8c7,127.0.0.1,GET,http://pimpmycv.dev/payment/capture?payum_token=5Xqit9MyT6WFvsPR4Rsnz5p2mSpL9YIfgRLdg_IbYvQ,1496757807,,500
be2f9c,127.0.0.1,GET,http://pimpmycv.dev/robots.txt,1496757807,,404
1d2610,127.0.0.1,GET,http://pimpmycv.dev/robots.txt,1496757807,,404
93355c,127.0.0.1,GET,http://pimpmycv.dev/payment/capture?payum_token=5Xqit9MyT6WFvsPR4Rsnz5p2mSpL9YIfgRLdg_IbYvQ,1496758053,,500
10dbc8,127.0.0.1,GET,http://pimpmycv.dev/robots.txt,1496758054,,404
1aa548,127.0.0.1,GET,http://pimpmycv.dev/robots.txt,1496758054,,404
a5a808,127.0.0.1,GET,http://pimpmycv.dev/payment/capture?payum_token=5Xqit9MyT6WFvsPR4Rsnz5p2mSpL9YIfgRLdg_IbYvQ,1496758074,,500
ece079,127.0.0.1,GET,http://pimpmycv.dev/robots.txt,1496758075,,404
ac77b3,127.0.0.1,GET,http://pimpmycv.dev/robots.txt,1496758075,,404
fb1d1b,127.0.0.1,GET,http://pimpmycv.dev/payment/capture?payum_token=5Xqit9MyT6WFvsPR4Rsnz5p2mSpL9YIfgRLdg_IbYvQ,1496758099,,500
0de86d,127.0.0.1,GET,http://pimpmycv.dev/robots.txt,1496758100,,404
36deb5,127.0.0.1,GET,http://pimpmycv.dev/robots.txt,1496758100,,404
2645cb,127.0.0.1,GET,http://pimpmycv.dev/robots.txt,1496758138,,404
9e5250,127.0.0.1,GET,http://pimpmycv.dev/robots.txt,1496758138,,404
ad1e9a,127.0.0.1,GET,http://pimpmycv.dev/payment/capture?payum_token=5Xqit9MyT6WFvsPR4Rsnz5p2mSpL9YIfgRLdg_IbYvQ,1496758146,,500
6e02c6,127.0.0.1,GET,http://pimpmycv.dev/robots.txt,1496758146,,404
96b197,127.0.0.1,GET,http://pimpmycv.dev/robots.txt,1496758146,,404
f26482,127.0.0.1,GET,http://pimpmycv.dev/payment/capture?payum_token=5Xqit9MyT6WFvsPR4Rsnz5p2mSpL9YIfgRLdg_IbYvQ,1496758155,,500
5ab0bd,127.0.0.1,GET,http://pimpmycv.dev/robots.txt,1496758155,,404
9c551f,127.0.0.1,GET,http://pimpmycv.dev/robots.txt,1496758155,,404
9e96b2,127.0.0.1,GET,http://pimpmycv.dev/payment/capture?payum_token=5Xqit9MyT6WFvsPR4Rsnz5p2mSpL9YIfgRLdg_IbYvQ,1496758180,,500
79ac39,127.0.0.1,GET,http://pimpmycv.dev/robots.txt,1496758181,,404
c97fa1,127.0.0.1,GET,http://pimpmycv.dev/robots.txt,1496758181,,404
d07e46,127.0.0.1,GET,http://pimpmycv.dev/payment/capture?payum_token=5Xqit9MyT6WFvsPR4Rsnz5p2mSpL9YIfgRLdg_IbYvQ,1496758232,,500
d3d252,127.0.0.1,GET,http://pimpmycv.dev/robots.txt,1496758232,,404
67b9e7,127.0.0.1,GET,http://pimpmycv.dev/robots.txt,1496758232,,404
e334ba,127.0.0.1,GET,http://pimpmycv.dev/payment/capture?payum_token=5Xqit9MyT6WFvsPR4Rsnz5p2mSpL9YIfgRLdg_IbYvQ,1496758233,,500
8bd3eb,127.0.0.1,GET,http://pimpmycv.dev/robots.txt,1496758233,,404
98cd63,127.0.0.1,GET,http://pimpmycv.dev/robots.txt,1496758233,,404
37f43b,127.0.0.1,GET,http://pimpmycv.dev/payment/capture?payum_token=5Xqit9MyT6WFvsPR4Rsnz5p2mSpL9YIfgRLdg_IbYvQ,1496758248,,500
67b283,127.0.0.1,GET,http://pimpmycv.dev/robots.txt,1496758248,,404
046508,127.0.0.1,GET,http://pimpmycv.dev/robots.txt,1496758248,,404
1c153c,127.0.0.1,GET,http://pimpmycv.dev/payment/capture?payum_token=5Xqit9MyT6WFvsPR4Rsnz5p2mSpL9YIfgRLdg_IbYvQ,1496758439,,500
521299,127.0.0.1,GET,http://pimpmycv.dev/robots.txt,1496758439,,404
1d4b02,127.0.0.1,GET,http://pimpmycv.dev/robots.txt,1496758439,,404
050422,127.0.0.1,GET,http://pimpmycv.dev/payment/capture?payum_token=5Xqit9MyT6WFvsPR4Rsnz5p2mSpL9YIfgRLdg_IbYvQ,1496758477,,500
6646d1,127.0.0.1,GET,http://pimpmycv.dev/robots.txt,1496758477,,404
cb9e86,127.0.0.1,GET,http://pimpmycv.dev/robots.txt,1496758477,,404
43bd9b,127.0.0.1,GET,http://pimpmycv.dev/payment/capture?payum_token=5Xqit9MyT6WFvsPR4Rsnz5p2mSpL9YIfgRLdg_IbYvQ,1496758543,,500
545c17,127.0.0.1,GET,http://pimpmycv.dev/robots.txt,1496758543,,404
97a7e8,127.0.0.1,GET,http://pimpmycv.dev/robots.txt,1496758543,,404
a34ae3,127.0.0.1,GET,http://pimpmycv.dev/robots.txt,1496758625,,404
52659c,127.0.0.1,GET,http://pimpmycv.dev/robots.txt,1496758950,,404
789c3f,127.0.0.1,GET,http://pimpmycv.dev/payment/capture?payum_token=5Xqit9MyT6WFvsPR4Rsnz5p2mSpL9YIfgRLdg_IbYvQ,1496758952,,500
72437c,127.0.0.1,GET,http://pimpmycv.dev/robots.txt,1496758952,,404
991519,127.0.0.1,GET,http://pimpmycv.dev/robots.txt,1496758952,,404
4436dc,127.0.0.1,GET,http://pimpmycv.dev/favicon.ico,1496781229,,404
b6e01c,127.0.0.1,GET,http://pimpmycv.dev/favicon.ico,1496781230,,404
a01bc6,127.0.0.1,GET,http://pimpmycv.dev/robots.txt,1496781779,,404
f0079d,127.0.0.1,GET,http://pimpmycv.dev/payment/capture?payum_token=5Xqit9MyT6WFvsPR4Rsnz5p2mSpL9YIfgRLdg_IbYvQ,1496781780,,500
072319,127.0.0.1,GET,http://pimpmycv.dev/robots.txt,1496781780,,404
722476,127.0.0.1,GET,http://pimpmycv.dev/robots.txt,1496781780,,404
3b886c,127.0.0.1,GET,http://pimpmycv.dev/robots.txt,1496781789,,404
826495,127.0.0.1,GET,http://pimpmycv.dev/robots.txt,1496781789,,404
275bea,127.0.0.1,GET,http://pimpmycv.dev/payment/test,1496781790,,302
875031,127.0.0.1,GET,http://pimpmycv.dev/payment/capture?payum_token=tx8hMVz-w-p1ifjb_dedmQlZVkeZXCXGkssEIznL58k,1496781790,,500
22b26a,127.0.0.1,GET,http://pimpmycv.dev/robots.txt,1496781791,,404
674043,127.0.0.1,GET,http://pimpmycv.dev/robots.txt,1496781791,,404
0f6ec2,127.0.0.1,GET,http://pimpmycv.dev/robots.txt,1496781793,,404
20fd49,127.0.0.1,GET,http://pimpmycv.dev/robots.txt,1496781800,,404
423cf0,127.0.0.1,GET,http://pimpmycv.dev/robots.txt,1496782218,,404
52c9bb,127.0.0.1,GET,http://pimpmycv.dev/robots.txt,1496821233,,404
6c5399,127.0.0.1,GET,http://pimpmycv.dev/robots.txt,1496821233,,404
17c091,127.0.0.1,GET,http://pimpmycv.dev/robots.txt,1496821233,,404
d5fa10,127.0.0.1,GET,http://pimpmycv.dev/robots.txt,1496821233,,404
cb2a2d,127.0.0.1,GET,http://pimpmycv.dev/robots.txt,1496821233,,404
1c5655,127.0.0.1,GET,http://pimpmycv.dev/robots.txt,1496821234,,404
9ab128,127.0.0.1,GET,http://pimpmycv.dev/robots.txt,1496821234,,404
ab23cb,127.0.0.1,GET,http://pimpmycv.dev/robots.txt,1496821234,,404
dbcadd,127.0.0.1,GET,http://pimpmycv.dev/robots.txt,1496821234,,404
8e4890,127.0.0.1,GET,http://pimpmycv.dev/robots.txt,1496821234,,404
e84a2a,127.0.0.1,GET,http://pimpmycv.dev/robots.txt,1496821234,,404
7eafbf,127.0.0.1,GET,http://pimpmycv.dev/robots.txt,1496821234,,404
19e161,127.0.0.1,GET,http://pimpmycv.dev/robots.txt,1496821234,,404
cde8b6,127.0.0.1,GET,http://pimpmycv.dev/robots.txt,1496821234,,404
91996b,127.0.0.1,GET,http://pimpmycv.dev/robots.txt,1496821234,,404
0e04ba,127.0.0.1,GET,http://pimpmycv.dev/robots.txt,1496821234,,404
310221,127.0.0.1,GET,http://pimpmycv.dev/robots.txt,1496821234,,404
256cfd,127.0.0.1,GET,http://pimpmycv.dev/robots.txt,1496821234,,404
78dbc8,127.0.0.1,GET,http://pimpmycv.dev/robots.txt,1496821234,,404
c3e8bb,127.0.0.1,GET,http://pimpmycv.dev/robots.txt,1496821234,,404
08ef81,127.0.0.1,GET,http://pimpmycv.dev/robots.txt,1496821234,,404
dfcdd2,127.0.0.1,GET,http://pimpmycv.dev/robots.txt,1496821234,,404
8159a8,127.0.0.1,GET,http://pimpmycv.dev/robots.txt,1496821234,,404
a72a9e,127.0.0.1,GET,http://pimpmycv.dev/robots.txt,1496821234,,404
6272ac,127.0.0.1,GET,http://pimpmycv.dev/robots.txt,1496821234,,404
75c148,127.0.0.1,GET,http://pimpmycv.dev/robots.txt,1496821234,,404
b6f174,127.0.0.1,GET,http://pimpmycv.dev/robots.txt,1496821234,,404
90a6bc,127.0.0.1,GET,http://pimpmycv.dev/robots.txt,1496821234,,404
4fd668,127.0.0.1,GET,http://pimpmycv.dev/robots.txt,1496821234,,404
221834,127.0.0.1,GET,http://pimpmycv.dev/robots.txt,1496821234,,404
615257,127.0.0.1,GET,http://pimpmycv.dev/robots.txt,1496821234,,404
92f128,127.0.0.1,GET,http://pimpmycv.dev/robots.txt,1496821234,,404
8edf2f,127.0.0.1,GET,http://pimpmycv.dev/robots.txt,1496821234,,404
efa090,127.0.0.1,GET,http://pimpmycv.dev/robots.txt,1496821234,,404
5bec97,127.0.0.1,GET,http://pimpmycv.dev/robots.txt,1496821234,,404
84be78,127.0.0.1,GET,http://pimpmycv.dev/robots.txt,1496821234,,404
a7c595,127.0.0.1,GET,http://pimpmycv.dev/robots.txt,1496821234,,404
6f03b5,127.0.0.1,GET,http://pimpmycv.dev/robots.txt,1496821234,,404
97c2ae,127.0.0.1,GET,http://pimpmycv.dev/robots.txt,1496821234,,404
8102d5,127.0.0.1,GET,http://pimpmycv.dev/robots.txt,1496821234,,404
e90504,127.0.0.1,GET,http://pimpmycv.dev/robots.txt,1496821234,,404
44aa4d,127.0.0.1,GET,http://pimpmycv.dev/robots.txt,1496821234,,404
c7e53e,127.0.0.1,GET,http://pimpmycv.dev/robots.txt,1496821234,,404
64bb09,127.0.0.1,GET,http://pimpmycv.dev/robots.txt,1496821234,,404
0d86e5,127.0.0.1,GET,http://pimpmycv.dev/robots.txt,1496821234,,404
bbadc2,127.0.0.1,GET,http://pimpmycv.dev/robots.txt,1496821234,,404
519501,127.0.0.1,GET,http://pimpmycv.dev/robots.txt,1496821234,,404
d89aa1,127.0.0.1,GET,http://pimpmycv.dev/robots.txt,1496821234,,404
86207d,127.0.0.1,GET,http://pimpmycv.dev/robots.txt,1496821234,,404
43848b,127.0.0.1,GET,http://pimpmycv.dev/robots.txt,1496821234,,404
4d2435,127.0.0.1,GET,http://pimpmycv.dev/robots.txt,1496821234,,404
955088,127.0.0.1,GET,http://pimpmycv.dev/robots.txt,1496821234,,404
3805a9,127.0.0.1,GET,http://pimpmycv.dev/robots.txt,1496821234,,404
1ad07d,127.0.0.1,GET,http://pimpmycv.dev/robots.txt,1496821234,,404
a7f1a7,127.0.0.1,GET,http://pimpmycv.dev/robots.txt,1496821234,,404
9d0d16,127.0.0.1,GET,http://pimpmycv.dev/robots.txt,1496821234,,404
ba9fcd,127.0.0.1,GET,http://pimpmycv.dev/robots.txt,1496821235,,404
18f6fd,127.0.0.1,GET,http://pimpmycv.dev/robots.txt,1496821235,,404
b62da6,127.0.0.1,GET,http://pimpmycv.dev/robots.txt,1496821235,,404
7c1eef,127.0.0.1,GET,http://pimpmycv.dev/robots.txt,1496821235,,404
d85761,127.0.0.1,GET,http://pimpmycv.dev/robots.txt,1496821235,,404
58f3b0,127.0.0.1,GET,http://pimpmycv.dev/robots.txt,1496821235,,404
e8f249,127.0.0.1,GET,http://pimpmycv.dev/robots.txt,1496821235,,404
bea83d,127.0.0.1,GET,http://pimpmycv.dev/robots.txt,1496821235,,404
35130e,127.0.0.1,GET,http://pimpmycv.dev/robots.txt,1496821235,,404
2fe703,127.0.0.1,GET,http://pimpmycv.dev/robots.txt,1496821235,,404
1d72d5,127.0.0.1,GET,http://pimpmycv.dev/robots.txt,1496821235,,404
2d4b42,127.0.0.1,GET,http://pimpmycv.dev/robots.txt,1496821235,,404
e30fce,127.0.0.1,GET,http://pimpmycv.dev/robots.txt,1496821235,,404
8d43b1,127.0.0.1,GET,http://pimpmycv.dev/robots.txt,1496821235,,404
1215ba,127.0.0.1,GET,http://pimpmycv.dev/robots.txt,1496821235,,404
8e30ac,127.0.0.1,GET,http://pimpmycv.dev/robots.txt,1496821235,,404
fc2ebc,127.0.0.1,GET,http://pimpmycv.dev/robots.txt,1496821235,,404
258ce3,127.0.0.1,GET,http://pimpmycv.dev/robots.txt,1496821235,,404
67bee4,127.0.0.1,GET,http://pimpmycv.dev/robots.txt,1496821235,,404
58846e,127.0.0.1,GET,http://pimpmycv.dev/robots.txt,1496821235,,404
adb937,127.0.0.1,GET,http://pimpmycv.dev/robots.txt,1496821235,,404
5119b2,127.0.0.1,GET,http://pimpmycv.dev/robots.txt,1496821235,,404
57a95d,127.0.0.1,GET,http://pimpmycv.dev/robots.txt,1496821235,,404
e77124,127.0.0.1,GET,http://pimpmycv.dev/robots.txt,1496821235,,404
093b7d,127.0.0.1,GET,http://pimpmycv.dev/robots.txt,1496821235,,404
395d80,127.0.0.1,GET,http://pimpmycv.dev/robots.txt,1496821235,,404
6f1974,127.0.0.1,GET,http://pimpmycv.dev/robots.txt,1496821235,,404
837551,127.0.0.1,GET,http://pimpmycv.dev/robots.txt,1496821235,,404
5349c1,127.0.0.1,GET,http://pimpmycv.dev/robots.txt,1496821235,,404
8b161a,127.0.0.1,GET,http://pimpmycv.dev/robots.txt,1496821235,,404
229fe6,127.0.0.1,GET,http://pimpmycv.dev/robots.txt,1496821235,,404
ba4ea7,127.0.0.1,GET,http://pimpmycv.dev/robots.txt,1496821235,,404
22263e,127.0.0.1,GET,http://pimpmycv.dev/robots.txt,1496821235,,404
3f8a24,127.0.0.1,GET,http://pimpmycv.dev/robots.txt,1496821235,,404
29eefd,127.0.0.1,GET,http://pimpmycv.dev/robots.txt,1496821235,,404
5cbe70,127.0.0.1,GET,http://pimpmycv.dev/robots.txt,1496821235,,404
8ce978,127.0.0.1,GET,http://pimpmycv.dev/robots.txt,1496821235,,404
41e2b6,127.0.0.1,GET,http://pimpmycv.dev/robots.txt,1496821235,,404
3e7161,127.0.0.1,GET,http://pimpmycv.dev/robots.txt,1496821235,,404
f56d9c,127.0.0.1,GET,http://pimpmycv.dev/robots.txt,1496821235,,404
42d6f0,127.0.0.1,GET,http://pimpmycv.dev/robots.txt,1496821235,,404
e65fe7,127.0.0.1,GET,http://pimpmycv.dev/robots.txt,1496821235,,404
de20d6,127.0.0.1,GET,http://pimpmycv.dev/robots.txt,1496821235,,404
782fbb,127.0.0.1,GET,http://pimpmycv.dev/robots.txt,1496821235,,404
5dde75,127.0.0.1,GET,http://pimpmycv.dev/robots.txt,1496821235,,404
c7fb07,127.0.0.1,GET,http://pimpmycv.dev/robots.txt,1496821235,,404
8b8e12,127.0.0.1,GET,http://pimpmycv.dev/robots.txt,1496821235,,404
9c7e3c,127.0.0.1,GET,http://pimpmycv.dev/robots.txt,1496821235,,404
2ecbae,127.0.0.1,GET,http://pimpmycv.dev/robots.txt,1496821235,,404
7d3e39,127.0.0.1,GET,http://pimpmycv.dev/robots.txt,1496821235,,404
f6ba0c,127.0.0.1,GET,http://pimpmycv.dev/robots.txt,1496821235,,404
6a8fd7,127.0.0.1,GET,http://pimpmycv.dev/robots.txt,1496821235,,404
5c2bd0,127.0.0.1,GET,http://pimpmycv.dev/robots.txt,1496821235,,404
f86ae6,127.0.0.1,GET,http://pimpmycv.dev/robots.txt,1496821236,,404
a1872c,127.0.0.1,GET,http://pimpmycv.dev/robots.txt,1496821236,,404
114bbb,127.0.0.1,GET,http://pimpmycv.dev/robots.txt,1496821235,,404
8e0259,127.0.0.1,GET,http://pimpmycv.dev/robots.txt,1496821236,,404
68e7ed,127.0.0.1,GET,http://pimpmycv.dev/robots.txt,1496821236,,404
203459,127.0.0.1,GET,http://pimpmycv.dev/robots.txt,1496821236,,404
2f0bb4,127.0.0.1,GET,http://pimpmycv.dev/robots.txt,1496821236,,404
c9c58b,127.0.0.1,GET,http://pimpmycv.dev/robots.txt,1496821236,,404
098c45,127.0.0.1,GET,http://pimpmycv.dev/robots.txt,1496821236,,404
ae560a,127.0.0.1,GET,http://pimpmycv.dev/robots.txt,1496821236,,404
e2e0b1,127.0.0.1,GET,http://pimpmycv.dev/robots.txt,1496821236,,404
f0f5d0,127.0.0.1,GET,http://pimpmycv.dev/robots.txt,1496821236,,404
22d1b9,127.0.0.1,GET,http://pimpmycv.dev/robots.txt,1496821236,,404
d5970f,127.0.0.1,GET,http://pimpmycv.dev/robots.txt,1496821236,,404
2274e0,127.0.0.1,GET,http://pimpmycv.dev/robots.txt,1496821236,,404
7b3f3e,127.0.0.1,GET,http://pimpmycv.dev/robots.txt,1496821236,,404
754873,127.0.0.1,GET,http://pimpmycv.dev/robots.txt,1496821236,,404
a61169,127.0.0.1,GET,http://pimpmycv.dev/robots.txt,1496821236,,404
c7a815,127.0.0.1,GET,http://pimpmycv.dev/robots.txt,1496821236,,404
1039a0,127.0.0.1,GET,http://pimpmycv.dev/robots.txt,1496821236,,404
0fc2ba,127.0.0.1,GET,http://pimpmycv.dev/robots.txt,1496821236,,404
0b4d20,127.0.0.1,GET,http://pimpmycv.dev/robots.txt,1496821236,,404
27fa2f,127.0.0.1,GET,http://pimpmycv.dev/robots.txt,1496821236,,404
35165b,127.0.0.1,GET,http://pimpmycv.dev/robots.txt,1496821236,,404
082988,127.0.0.1,GET,http://pimpmycv.dev/robots.txt,1496821236,,404
85b5bd,127.0.0.1,GET,http://pimpmycv.dev/robots.txt,1496821236,,404
29e6d8,127.0.0.1,GET,http://pimpmycv.dev/robots.txt,1496821237,,404
d23516,127.0.0.1,GET,http://pimpmycv.dev/robots.txt,1496821237,,404
a54862,127.0.0.1,GET,http://pimpmycv.dev/robots.txt,1496821238,,404
c333bb,127.0.0.1,GET,http://pimpmycv.dev/robots.txt,1496821240,,404
33babf,127.0.0.1,GET,http://pimpmycv.dev/robots.txt,1496821240,,404
96727f,127.0.0.1,GET,http://pimpmycv.dev/robots.txt,1496821241,,404
595a32,127.0.0.1,GET,http://pimpmycv.dev/robots.txt,1496821241,,404
eca1f5,127.0.0.1,GET,http://pimpmycv.dev/robots.txt,1496821242,,404
8cc29b,127.0.0.1,GET,http://pimpmycv.dev/robots.txt,1496821242,,404
d0724d,127.0.0.1,GET,http://pimpmycv.dev/robots.txt,1496821242,,404
afb231,127.0.0.1,GET,http://pimpmycv.dev/robots.txt,1496821242,,404
4e61f6,127.0.0.1,GET,http://pimpmycv.dev/robots.txt,1496821242,,404
016ac3,127.0.0.1,GET,http://pimpmycv.dev/robots.txt,1496821242,,404
e86360,127.0.0.1,GET,http://pimpmycv.dev/robots.txt,1496821242,,404
200c3f,127.0.0.1,GET,http://pimpmycv.dev/robots.txt,1496821242,,404
bc2f55,127.0.0.1,GET,http://pimpmycv.dev/robots.txt,1496821242,,404
ba81ef,127.0.0.1,GET,http://pimpmycv.dev/robots.txt,1496821242,,404
65a888,127.0.0.1,GET,http://pimpmycv.dev/robots.txt,1496821242,,404
31b3ea,127.0.0.1,GET,http://pimpmycv.dev/robots.txt,1496821242,,404
5b53eb,127.0.0.1,GET,http://pimpmycv.dev/robots.txt,1496821242,,404
df511f,127.0.0.1,GET,http://pimpmycv.dev/robots.txt,1496821243,,404
d35903,127.0.0.1,GET,http://pimpmycv.dev/robots.txt,1496821243,,404
c33344,127.0.0.1,GET,http://pimpmycv.dev/robots.txt,1496821247,,404
ee1cbe,127.0.0.1,GET,http://pimpmycv.dev/robots.txt,1496821247,,404
956d3b,127.0.0.1,GET,http://pimpmycv.dev/robots.txt,1496821248,,404
787c2c,127.0.0.1,GET,http://pimpmycv.dev/robots.txt,1496821248,,404
ca59f7,127.0.0.1,GET,http://pimpmycv.dev/robots.txt,1496821248,,404
a781e4,127.0.0.1,GET,http://pimpmycv.dev/robots.txt,1496821249,,404
427995,127.0.0.1,GET,http://pimpmycv.dev/robots.txt,1496821249,,404
dab1d6,127.0.0.1,GET,http://pimpmycv.dev/robots.txt,1496821251,,404
0b3bc5,127.0.0.1,GET,http://pimpmycv.dev/robots.txt,1496821251,,404
84a5a4,127.0.0.1,GET,http://pimpmycv.dev/robots.txt,1496821251,,404
57d155,127.0.0.1,GET,http://pimpmycv.dev/robots.txt,1496821251,,404
e88539,127.0.0.1,GET,http://pimpmycv.dev/robots.txt,1496821252,,404
64caee,127.0.0.1,GET,http://pimpmycv.dev/robots.txt,1496821252,,404
ca4cc6,127.0.0.1,GET,http://pimpmycv.dev/robots.txt,1496821255,,404
802a05,127.0.0.1,GET,http://pimpmycv.dev/robots.txt,1496821256,,404
2f4690,127.0.0.1,GET,http://pimpmycv.dev/robots.txt,1496821256,,404
26dbe8,127.0.0.1,GET,http://pimpmycv.dev/robots.txt,1496821256,,404
26fac6,127.0.0.1,GET,http://pimpmycv.dev/robots.txt,1496821608,,404
aae206,127.0.0.1,GET,http://pimpmycv.dev/robots.txt,1496822021,,404
26e7eb,127.0.0.1,GET,http://pimpmycv.dev/robots.txt,1496822028,,404
3f75f9,127.0.0.1,GET,http://pimpmycv.dev/robots.txt,1496822244,,404
992981,127.0.0.1,GET,http://pimpmycv.dev/robots.txt,1496822495,,404
